{"stat.useItem.61":1,"stat.craftItem.61":1,"stat.leaveGame":3,"stat.mineBlock.15":6,"stat.mineBlock.18":25,"stat.mineBlock.17":180,"stat.swimOneCm":25884,"stat.jump":985,"stat.fallOneCm":6876,"stat.climbOneCm":238,"achievement.buildWorkBench":5,"stat.craftItem.1":10,"achievement.exploreAllBiomes":{"value":0,"progress":["Birch Forest","Roofed Forest","MushroomIslandShore","River","Forest","Plains","MushroomIsland","Swampland"]},"stat.mineBlock.12":96,"stat.craftItem.5":108,"stat.damageTaken":874,"stat.mineBlock.3":565,"stat.mineBlock.1":152,"stat.mineBlock.6":3,"stat.useItem.54":3,"stat.flyOneCm":6184,"stat.useItem.50":8,"achievement.buildPickaxe":3,"stat.damageDealt":1700,"achievement.buildBetterPickaxe":1,"stat.killEntity.Pig":2,"stat.useItem.58":3,"stat.useItem.20":16,"ic2.mineOre":1,"stat.useItem.275":35,"stat.walkOneCm":1076093,"stat.useItem.278":188,"stat.useItem.277":497,"stat.useItem.279":630,"stat.craftItem.20":16,"ic2.acquireResin":15,"stat.entityKilledBy.Skeleton":1,"achievement.mineWood":207,"stat.killEntity.Skeleton":3,"stat.breakItem.270":1,"stat.craftItem.320":2,"stat.breakItem.271":2,"achievement.openInventory":119,"stat.breakItem.275":1,"stat.craftItem.280":20,"stat.killEntity.Spider":2,"stat.mobKills":9,"achievement.buildFurnace":2,"stat.craftItem.58":3,"stat.deaths":1,"stat.drop":68,"stat.craftItem.277":1,"stat.useItem.269":123,"stat.craftItem.278":1,"stat.craftItem.279":1,"stat.playOneMinute":167712,"stat.useItem.1":6,"stat.craftItem.50":8,"stat.craftItem.270":1,"stat.craftItem.54":3,"stat.breakItem.269":2,"stat.craftItem.271":3,"stat.useItem.3":81,"stat.killEntity.Zombie":2,"stat.craftItem.269":2,"stat.useItem.270":39,"stat.mineBlock.31":65,"stat.diveOneCm":3090,"stat.useItem.271":126}