{"stat.useItem.274":263,"stat.useItem.351":6,"stat.useItem.273":241,"stat.craftItem.263":12,"stat.craftItem.69":1,"stat.useItem.397":1,"stat.useItem.275":71,"stat.useItem.67":65,"stat.useItem.154":1,"stat.walkOneCm":497477,"stat.craftItem.265":10,"stat.useItem.61":3,"stat.useItem.356":2,"stat.craftItem.20":3,"stat.craftItem.61":3,"stat.craftItem.67":76,"stat.leaveGame":1,"stat.killEntity.Slime":1,"stat.mineBlock.82":53,"stat.mineBlock.85":1,"stat.killEntity.Creeper":1,"stat.useItem.69":5,"stat.mineBlock.58":1,"stat.mineBlock.14":9,"stat.mineBlock.13":134,"stat.mineBlock.16":20,"stat.mineBlock.15":8,"stat.mineBlock.17":50,"tconstruct.beginner":4,"stat.swimOneCm":37358,"stat.jump":608,"stat.fallOneCm":9777,"achievement.buildWorkBench":8,"stat.craftItem.76":12,"achievement.mineWood":50,"stat.craftItem.1":13,"achievement.exploreAllBiomes":{"value":0,"progress":["Birch Forest","MushroomIslandShore","River","MushroomIsland"]},"stat.mineBlock.98":37,"stat.mineBlock.54":1,"stat.mineBlock.12":152,"stat.mineBlock.56":13,"stat.mineBlock.69":4,"stat.killEntity.Skeleton":2,"tconstruct.smelteryMaker":74,"stat.useItem.331":10,"stat.useItem.85":1,"stat.breakItem.274":2,"achievement.openInventory":171,"stat.craftItem.5":152,"stat.breakItem.273":1,"stat.craftItem.280":24,"stat.damageTaken":538,"stat.mineBlock.110":36,"stat.mineBlock.4":1,"stat.mineBlock.3":66,"stat.mineBlock.1":567,"stat.craftItem.82":48,"stat.mobKills":8,"stat.mineBlock.67":1,"stat.craftItem.273":2,"stat.useItem.98":18,"stat.useItem.54":4,"stat.flyOneCm":92371,"stat.craftItem.274":2,"stat.craftItem.58":5,"stat.useItem.6":5,"stat.craftItem.351":6,"stat.craftItem.154":2,"stat.drop":19,"stat.useItem.50":8,"stat.useItem.269":60,"achievement.buildPickaxe":2,"stat.craftItem.356":2,"stat.playOneMinute":114862,"stat.craftItem.50":8,"stat.useItem.4":40,"stat.craftItem.270":1,"stat.craftItem.54":5,"stat.breakItem.269":1,"stat.useItem.3":18,"stat.damageDealt":1530,"achievement.buildBetterPickaxe":2,"stat.killEntity.Zombie":4,"stat.craftItem.269":1,"stat.mineBlock.73":17,"stat.useItem.270":13,"stat.mineBlock.31":1,"stat.diveOneCm":32349,"stat.useItem.58":1}