{"stat.useItem.274":132,"stat.useItem.273":125,"stat.useItem.397":1,"stat.craftItem.340":3,"stat.useItem.275":60,"stat.walkOneCm":575221,"stat.useItem.355":3,"stat.craftItem.265":8,"stat.useItem.61":2,"stat.craftItem.20":5,"stat.craftItem.61":1,"stat.leaveGame":1,"stat.blockChiseled":19,"ic2.acquireRefinedIron":1,"stat.mineBlock.82":13,"stat.craftItem.339":9,"stat.mineBlock.14":16,"stat.mineBlock.13":2,"stat.mineBlock.16":21,"stat.mineBlock.15":25,"stat.mineBlock.18":5,"stat.mineBlock.17":41,"stat.swimOneCm":53259,"stat.jump":1924,"achievement.stoneGear":1,"stat.fallOneCm":35721,"achievement.buildWorkBench":5,"stat.craftItem.171":15,"stat.craftItem.172":12,"achievement.killCow":11,"achievement.buildSword":2,"achievement.mineWood":40,"stat.killEntity.Squid":3,"stat.craftItem.126":30,"stat.useItem.39":1,"stat.mineBlock.50":1,"stat.craftItem.325":1,"achievement.exploreAllBiomes":{"value":0,"progress":["Birch Forest","MushroomIslandShore","River","Forest","Plains","MushroomIsland"]},"stat.mineBlock.98":6,"stat.mineBlock.53":1,"stat.mineBlock.12":16,"stat.killEntity.Skeleton":5,"stat.craftItem.47":1,"stat.craftItem.364":10,"stat.breakItem.274":1,"achievement.openInventory":311,"stat.craftItem.5":156,"stat.useItem.338":27,"stat.craftItem.280":28,"stat.craftItem.281":8,"stat.craftItem.44":12,"stat.mineBlock.110":20,"stat.damageTaken":1478,"stat.mineBlock.4":1,"stat.mineBlock.5":2,"stat.mineBlock.3":79,"stat.mineBlock.1":126,"stat.craftItem.82":12,"stat.mineBlock.61":1,"stat.mobKills":38,"stat.useItem.47":1,"achievement.killEnemy":5,"stat.craftItem.272":1,"stat.useItem.54":3,"achievement.buildFurnace":1,"stat.craftItem.273":1,"stat.flyOneCm":433208,"stat.craftItem.58":3,"stat.craftItem.274":1,"stat.useItem.6":3,"achievement.acquireIron":2,"stat.drop":41,"stat.mineBlock.39":1,"stat.useItem.50":5,"achievement.buildPickaxe":4,"stat.craftItem.355":3,"stat.playOneMinute":121146,"stat.craftItem.50":4,"stat.killEntity.MushroomCow":15,"stat.useItem.4":18,"stat.craftItem.270":1,"stat.craftItem.54":4,"stat.useItem.3":57,"stat.damageDealt":5890,"achievement.buildBetterPickaxe":2,"achievement.woodenGear":1,"stat.killEntity.Zombie":6,"stat.killEntity.Cow":6,"stat.mineBlock.73":9,"stat.useItem.270":30,"stat.mineBlock.31":5,"stat.diveOneCm":29250,"stat.useItem.58":1,"stat.useItem.272":73}