{"stat.killEntity.Skeleton":1,"stat.useItem.275":35,"stat.walkOneCm":555888,"stat.breakItem.271":2,"stat.useItem.279":118,"achievement.openInventory":60,"stat.craftItem.5":96,"stat.breakItem.275":1,"stat.leaveGame":1,"stat.craftItem.280":12,"stat.damageTaken":796,"stat.killEntity.Spider":1,"stat.mineBlock.3":80,"stat.mobKills":3,"stat.mineBlock.6":3,"stat.useItem.54":1,"stat.flyOneCm":5633,"stat.craftItem.58":3,"stat.deaths":1,"stat.mineBlock.18":14,"stat.drop":60,"stat.mineBlock.17":130,"stat.jump":621,"stat.swimOneCm":23082,"achievement.buildPickaxe":2,"stat.useItem.269":39,"stat.craftItem.279":1,"stat.playOneMinute":78280,"stat.fallOneCm":3967,"stat.climbOneCm":238,"achievement.buildWorkBench":5,"stat.craftItem.270":1,"stat.entityKilledBy.Skeleton":1,"stat.craftItem.54":1,"stat.craftItem.271":2,"stat.useItem.3":7,"stat.damageDealt":685,"stat.killEntity.Zombie":1,"achievement.mineWood":157,"stat.craftItem.269":1,"achievement.exploreAllBiomes":{"value":0,"progress":["Birch Forest","Roofed Forest","MushroomIslandShore","River","Forest","Plains","MushroomIsland","Swampland"]},"stat.useItem.270":21,"stat.mineBlock.31":40,"stat.diveOneCm":1342,"stat.useItem.58":3,"stat.useItem.271":126}